Compound,Concentration,Hour,Species,Variant,Value
hCSF1,200.00,24,Human,G795A,2230.785076
hCSF1,66.67,24,Human,G795A,2232.277226
hCSF1,22.22,24,Human,G795A,2374.543483
hCSF1,7.41,24,Human,G795A,2031.403635
hCSF1,2.47,24,Human,G795A,1827.121373
hCSF1,0.82,24,Human,G795A,1650.487424
hCSF1,0.27,24,Human,G795A,1584.1415
hCSF1,0.09,24,Human,G795A,1575.118309
hCSF1,0.03,24,Human,G795A,1671.479158
hCSF1,0.01,24,Human,G795A,1646.89765
hCSF1,200.00,24,Human,G795A,2010.898538
hCSF1,66.67,24,Human,G795A,2277.948789
hCSF1,22.22,24,Human,G795A,2302.881951
hCSF1,7.41,24,Human,G795A,2132.483297
hCSF1,2.47,24,Human,G795A,1836.152847
hCSF1,0.82,24,Human,G795A,1686.413172
hCSF1,0.27,24,Human,G795A,1604.789345
hCSF1,0.09,24,Human,G795A,1571.203927
hCSF1,0.03,24,Human,G795A,1101.750924
hCSF1,0.01,24,Human,G795A,1670.081858
hCSF1,200.00,24,Human,G795A,2269.198223
hCSF1,66.67,24,Human,G795A,2322.748484
hCSF1,22.22,24,Human,G795A,2253.647069
hCSF1,7.41,24,Human,G795A,2281.843736
hCSF1,2.47,24,Human,G795A,1882.846913
hCSF1,0.82,24,Human,G795A,1760.968718
hCSF1,0.27,24,Human,G795A,1713.974694
hCSF1,0.09,24,Human,G795A,1746.854798
hCSF1,0.03,24,Human,G795A,1609.075688
hCSF1,0.01,24,Human,G795A,1696.400928
mCSF1,200.00,24,Human,G795A,1613.636971
mCSF1,66.67,24,Human,G795A,1595.042276
mCSF1,22.22,24,Human,G795A,1643.568972
mCSF1,7.41,24,Human,G795A,1589.183271
mCSF1,2.47,24,Human,G795A,1601.684891
mCSF1,0.82,24,Human,G795A,1466.929844
mCSF1,0.27,24,Human,G795A,1586.144551
mCSF1,0.09,24,Human,G795A,1574.562613
mCSF1,0.03,24,Human,G795A,1646.703631
mCSF1,0.01,24,Human,G795A,1621.479682
mCSF1,200.00,24,Human,G795A,1604.67232
mCSF1,66.67,24,Human,G795A,1625.51269
mCSF1,22.22,24,Human,G795A,1583.124463
mCSF1,7.41,24,Human,G795A,1433.056831
mCSF1,2.47,24,Human,G795A,1627.04168
mCSF1,0.82,24,Human,G795A,1397.511848
mCSF1,0.27,24,Human,G795A,1495.970615
mCSF1,0.09,24,Human,G795A,1594.714897
mCSF1,0.03,24,Human,G795A,1700.605057
mCSF1,0.01,24,Human,G795A,1572.618043
mCSF1,200.00,24,Human,G795A,1581.849661
mCSF1,66.67,24,Human,G795A,1231.419544
mCSF1,22.22,24,Human,G795A,1523.611189
mCSF1,7.41,24,Human,G795A,1567.218531
mCSF1,2.47,24,Human,G795A,1491.415831
mCSF1,0.82,24,Human,G795A,1407.282272
mCSF1,0.27,24,Human,G795A,1488.034997
mCSF1,0.09,24,Human,G795A,1657.321937
mCSF1,0.03,24,Human,G795A,1531.537631
mCSF1,0.01,24,Human,G795A,1560.908435