Compound,Concentration,Hour,Species,Variant,Value
hCSF1,200,72,Mouse,G793A,511.929495
hCSF1,66.67,72,Mouse,G793A,381.51253
hCSF1,22.22,72,Mouse,G793A,234.947534
hCSF1,7.41,72,Mouse,G793A,169.683335
hCSF1,2.47,72,Mouse,G793A,76.246624
hCSF1,0.82,72,Mouse,G793A,73.14556
hCSF1,0.27,72,Mouse,G793A,54.023556
hCSF1,0.09,72,Mouse,G793A,34.999546
hCSF1,0.03,72,Mouse,G793A,42.069185
hCSF1,0.01,72,Mouse,G793A,43.866833
hCSF1,200,72,Mouse,G793A,509.392388
hCSF1,66.67,72,Mouse,G793A,508.791985
hCSF1,22.22,72,Mouse,G793A,392.26186
hCSF1,7.41,72,Mouse,G793A,178.611032
hCSF1,2.47,72,Mouse,G793A,107.726065
hCSF1,0.82,72,Mouse,G793A,104.034932
hCSF1,0.27,72,Mouse,G793A,33.217059
hCSF1,0.09,72,Mouse,G793A,44.798275
hCSF1,0.03,72,Mouse,G793A,39.170331
hCSF1,0.01,72,Mouse,G793A,31.836897
hCSF1,200,72,Mouse,G793A,883.08068
hCSF1,66.67,72,Mouse,G793A,664.644894
hCSF1,22.22,72,Mouse,G793A,443.901514
hCSF1,7.41,72,Mouse,G793A,488.484785
hCSF1,2.47,72,Mouse,G793A,299.9461
hCSF1,0.82,72,Mouse,G793A,133.219829
hCSF1,0.27,72,Mouse,G793A,93.632766
hCSF1,0.09,72,Mouse,G793A,85.121701
hCSF1,0.03,72,Mouse,G793A,56.38602
hCSF1,0.01,72,Mouse,G793A,50.6648
mCSF1,200,72,Mouse,G793A,1420.229373
mCSF1,66.67,72,Mouse,G793A,1091.820555
mCSF1,22.22,72,Mouse,G793A,743.245456
mCSF1,7.41,72,Mouse,G793A,527.99763
mCSF1,2.47,72,Mouse,G793A,272.475269
mCSF1,0.82,72,Mouse,G793A,186.146679
mCSF1,0.27,72,Mouse,G793A,158.684259
mCSF1,0.09,72,Mouse,G793A,66.995949
mCSF1,0.03,72,Mouse,G793A,62.677961
mCSF1,0.01,72,Mouse,G793A,60.826995
mCSF1,200,72,Mouse,G793A,1250.206406
mCSF1,66.67,72,Mouse,G793A,1251.597679
mCSF1,22.22,72,Mouse,G793A,1117.171429
mCSF1,7.41,72,Mouse,G793A,394.61202
mCSF1,2.47,72,Mouse,G793A,306.181035
mCSF1,0.82,72,Mouse,G793A,225.671315
mCSF1,0.27,72,Mouse,G793A,125.197563
mCSF1,0.09,72,Mouse,G793A,105.783472
mCSF1,0.03,72,Mouse,G793A,71.976441
mCSF1,0.01,72,Mouse,G793A,47.451807
mCSF1,200,72,Mouse,G793A,1052.292972
mCSF1,66.67,72,Mouse,G793A,1448.258083
mCSF1,22.22,72,Mouse,G793A,1094.595917
mCSF1,7.41,72,Mouse,G793A,639.136145
mCSF1,2.47,72,Mouse,G793A,333.50242
mCSF1,0.82,72,Mouse,G793A,214.949021
mCSF1,0.27,72,Mouse,G793A,181.743107
mCSF1,0.09,72,Mouse,G793A,108.825568
mCSF1,0.03,72,Mouse,G793A,104.750841
mCSF1,0.01,72,Mouse,G793A,62.395553