Compound,Concentration,Hour,Species,Variant,Value
GW2580,20000,72,Human,G795A,205.872726
GW2580,6666.67,72,Human,G795A,554.84358
GW2580,2222.22,72,Human,G795A,951.105587
GW2580,740.74,72,Human,G795A,1145.626606
GW2580,246.91,72,Human,G795A,1264.714374
GW2580,82.3,72,Human,G795A,1091.191227
GW2580,27.43,72,Human,G795A,909.976949
GW2580,9.14,72,Human,G795A,882.074022
GW2580,3.05,72,Human,G795A,607.699348
GW2580,1.02,72,Human,G795A,680.726566
GW2580,20000,72,Human,G795A,189.927245
GW2580,6666.67,72,Human,G795A,486.610104
GW2580,2222.22,72,Human,G795A,793.003134
GW2580,740.74,72,Human,G795A,733.776664
GW2580,246.91,72,Human,G795A,673.515127
GW2580,82.3,72,Human,G795A,688.126425
GW2580,27.43,72,Human,G795A,536.770497
GW2580,9.14,72,Human,G795A,572.650206
GW2580,3.05,72,Human,G795A,552.067806
GW2580,1.02,72,Human,G795A,641.572172
GW2580,20000,72,Human,G795A,202.45225
GW2580,6666.67,72,Human,G795A,437.523217
GW2580,2222.22,72,Human,G795A,473.996263
GW2580,740.74,72,Human,G795A,468.833733
GW2580,246.91,72,Human,G795A,511.495912
GW2580,82.3,72,Human,G795A,469.002398
GW2580,27.43,72,Human,G795A,500.69101
GW2580,9.14,72,Human,G795A,504.426821
GW2580,3.05,72,Human,G795A,529.656007
GW2580,1.02,72,Human,G795A,535.038619
BLZ945,20000,72,Human,G795A,29.221919
BLZ945,6666.67,72,Human,G795A,186.108063
BLZ945,2222.22,72,Human,G795A,298.20778
BLZ945,740.74,72,Human,G795A,351.678847
BLZ945,246.91,72,Human,G795A,420.288271
BLZ945,82.3,72,Human,G795A,503.373602
BLZ945,27.43,72,Human,G795A,437.220489
BLZ945,9.14,72,Human,G795A,386.831101
BLZ945,3.05,72,Human,G795A,497.968672
BLZ945,1.02,72,Human,G795A,499.196589
BLZ945,20000,72,Human,G795A,23.86367
BLZ945,6666.67,72,Human,G795A,194.179102
BLZ945,2222.22,72,Human,G795A,228.573337
BLZ945,740.74,72,Human,G795A,240.144692
BLZ945,246.91,72,Human,G795A,314.99963
BLZ945,82.3,72,Human,G795A,365.822709
BLZ945,27.43,72,Human,G795A,322.101345
BLZ945,9.14,72,Human,G795A,374.484113
BLZ945,3.05,72,Human,G795A,421.293148
BLZ945,1.02,72,Human,G795A,385.275093
BLZ945,20000,72,Human,G795A,30.949866
BLZ945,6666.67,72,Human,G795A,190.580294
BLZ945,2222.22,72,Human,G795A,232.098337
BLZ945,740.74,72,Human,G795A,284.361154
BLZ945,246.91,72,Human,G795A,307.360146
BLZ945,82.3,72,Human,G795A,352.247429
BLZ945,27.43,72,Human,G795A,347.19712
BLZ945,9.14,72,Human,G795A,391.320362
BLZ945,3.05,72,Human,G795A,431.990017
BLZ945,1.02,72,Human,G795A,440.233281