Compound,Concentration,Hour,Species,Variant,Value
PLX3397,20000,72,Mouse,T661M,4.671471
PLX3397,6666.67,72,Mouse,T661M,8.628286
PLX3397,2222.22,72,Mouse,T661M,7.032855
PLX3397,740.74,72,Mouse,T661M,24.620603
PLX3397,246.91,72,Mouse,T661M,112.128874
PLX3397,82.3,72,Mouse,T661M,377.257307
PLX3397,27.43,72,Mouse,T661M,591.593807
PLX3397,9.14,72,Mouse,T661M,630.912184
PLX3397,3.05,72,Mouse,T661M,840.788794
PLX3397,1.02,72,Mouse,T661M,585.927627
PLX3397,20000,72,Mouse,T661M,4.296993
PLX3397,6666.67,72,Mouse,T661M,11.924798
PLX3397,2222.22,72,Mouse,T661M,11.078744
PLX3397,740.74,72,Mouse,T661M,19.672038
PLX3397,246.91,72,Mouse,T661M,151.328613
PLX3397,82.3,72,Mouse,T661M,364.301528
PLX3397,27.43,72,Mouse,T661M,361.985822
PLX3397,9.14,72,Mouse,T661M,841.238209
PLX3397,3.05,72,Mouse,T661M,628.242075
PLX3397,1.02,72,Mouse,T661M,460.861052
PLX3397,20000,72,Mouse,T661M,10.156423
PLX3397,6666.67,72,Mouse,T661M,9.669576
PLX3397,2222.22,72,Mouse,T661M,11.515113
PLX3397,740.74,72,Mouse,T661M,24.294602
PLX3397,246.91,72,Mouse,T661M,64.081108
PLX3397,82.3,72,Mouse,T661M,206.36778
PLX3397,27.43,72,Mouse,T661M,238.471181
PLX3397,9.14,72,Mouse,T661M,328.387705
PLX3397,3.05,72,Mouse,T661M,562.206907
PLX3397,1.02,72,Mouse,T661M,498.277333
PLX5622,20000,72,Mouse,T661M,14.542113
PLX5622,6666.67,72,Mouse,T661M,11.563107
PLX5622,2222.22,72,Mouse,T661M,8.455161
PLX5622,740.74,72,Mouse,T661M,15.79579
PLX5622,246.91,72,Mouse,T661M,124.005601
PLX5622,82.3,72,Mouse,T661M,320.503163
PLX5622,27.43,72,Mouse,T661M,555.833506
PLX5622,9.14,72,Mouse,T661M,358.616322
PLX5622,3.05,72,Mouse,T661M,462.108751
PLX5622,1.02,72,Mouse,T661M,526.665036
PLX5622,20000,72,Mouse,T661M,14.955521
PLX5622,6666.67,72,Mouse,T661M,12.161378
PLX5622,2222.22,72,Mouse,T661M,8.143372
PLX5622,740.74,72,Mouse,T661M,13.370246
PLX5622,246.91,72,Mouse,T661M,119.345789
PLX5622,82.3,72,Mouse,T661M,103.454856
PLX5622,27.43,72,Mouse,T661M,170.242286
PLX5622,9.14,72,Mouse,T661M,254.966807
PLX5622,3.05,72,Mouse,T661M,331.021122
PLX5622,1.02,72,Mouse,T661M,435.976586
PLX5622,20000,72,Mouse,T661M,16.007223
PLX5622,6666.67,72,Mouse,T661M,14.666907
PLX5622,2222.22,72,Mouse,T661M,9.434481
PLX5622,740.74,72,Mouse,T661M,11.593691
PLX5622,246.91,72,Mouse,T661M,52.935651
PLX5622,82.3,72,Mouse,T661M,109.41198
PLX5622,27.43,72,Mouse,T661M,128.354368
PLX5622,9.14,72,Mouse,T661M,165.06856
PLX5622,3.05,72,Mouse,T661M,278.865118
PLX5622,1.02,72,Mouse,T661M,592.490629