Compound,Concentration,Hour,Species,Variant,Value
hCSF1,200,72,Mouse,T661M,1021.831487
hCSF1,66.67,72,Mouse,T661M,792.396828
hCSF1,22.22,72,Mouse,T661M,791.137535
hCSF1,7.41,72,Mouse,T661M,383.028712
hCSF1,2.47,72,Mouse,T661M,224.529197
hCSF1,0.82,72,Mouse,T661M,191.354854
hCSF1,0.27,72,Mouse,T661M,89.282068
hCSF1,0.09,72,Mouse,T661M,62.93928
hCSF1,0.03,72,Mouse,T661M,57.73668
hCSF1,0.01,72,Mouse,T661M,40.396383
hCSF1,200,72,Mouse,T661M,1485.73177
hCSF1,66.67,72,Mouse,T661M,1571.502997
hCSF1,22.22,72,Mouse,T661M,765.900294
hCSF1,7.41,72,Mouse,T661M,238.182345
hCSF1,2.47,72,Mouse,T661M,208.937463
hCSF1,0.82,72,Mouse,T661M,120.032854
hCSF1,0.27,72,Mouse,T661M,82.881362
hCSF1,0.09,72,Mouse,T661M,53.752781
hCSF1,0.03,72,Mouse,T661M,45.86121
hCSF1,0.01,72,Mouse,T661M,38.450409
hCSF1,200,72,Mouse,T661M,1485.397441
hCSF1,66.67,72,Mouse,T661M,1057.66801
hCSF1,22.22,72,Mouse,T661M,747.752165
hCSF1,7.41,72,Mouse,T661M,298.30052
hCSF1,2.47,72,Mouse,T661M,110.38957
hCSF1,0.82,72,Mouse,T661M,121.353512
hCSF1,0.27,72,Mouse,T661M,77.030771
hCSF1,0.09,72,Mouse,T661M,43.26868
hCSF1,0.03,72,Mouse,T661M,40.24418
hCSF1,0.01,72,Mouse,T661M,53.381857
mCSF1,200,72,Mouse,T661M,1086.686198
mCSF1,66.67,72,Mouse,T661M,994.202782
mCSF1,22.22,72,Mouse,T661M,612.865827
mCSF1,7.41,72,Mouse,T661M,210.86719
mCSF1,2.47,72,Mouse,T661M,84.909618
mCSF1,0.82,72,Mouse,T661M,87.892753
mCSF1,0.27,72,Mouse,T661M,61.071583
mCSF1,0.09,72,Mouse,T661M,54.359737
mCSF1,0.03,72,Mouse,T661M,42.13626
mCSF1,0.01,72,Mouse,T661M,35.875817
mCSF1,200,72,Mouse,T661M,724.956628
mCSF1,66.67,72,Mouse,T661M,854.152244
mCSF1,22.22,72,Mouse,T661M,369.21488
mCSF1,7.41,72,Mouse,T661M,146.755039
mCSF1,2.47,72,Mouse,T661M,81.781975
mCSF1,0.82,72,Mouse,T661M,46.54231
mCSF1,0.27,72,Mouse,T661M,48.586982
mCSF1,0.09,72,Mouse,T661M,47.884342
mCSF1,0.03,72,Mouse,T661M,36.291738
mCSF1,0.01,72,Mouse,T661M,40.236841
mCSF1,200,72,Mouse,T661M,731.89654
mCSF1,66.67,72,Mouse,T661M,476.2839
mCSF1,22.22,72,Mouse,T661M,254.233578
mCSF1,7.41,72,Mouse,T661M,112.48657
mCSF1,2.47,72,Mouse,T661M,38.672733
mCSF1,0.82,72,Mouse,T661M,37.906779
mCSF1,0.27,72,Mouse,T661M,35.392672
mCSF1,0.09,72,Mouse,T661M,41.892113
mCSF1,0.03,72,Mouse,T661M,24.525702
mCSF1,0.01,72,Mouse,T661M,35.749952