Compound,Concentration,Hour,Species,Variant,Value
hCSF1,200.00,0,Mouse,T661M,1440.361693
hCSF1,66.67,0,Mouse,T661M,1857.988161
hCSF1,22.22,0,Mouse,T661M,1895.145279
hCSF1,7.41,0,Mouse,T661M,1849.845336
hCSF1,2.47,0,Mouse,T661M,1953.84891
hCSF1,0.82,0,Mouse,T661M,2093.40263
hCSF1,0.27,0,Mouse,T661M,2120.11146
hCSF1,0.09,0,Mouse,T661M,2239.618905
hCSF1,0.03,0,Mouse,T661M,2287.58976
hCSF1,0.01,0,Mouse,T661M,2336.395519
hCSF1,200.00,0,Mouse,T661M,1214.364078
hCSF1,66.67,0,Mouse,T661M,1623.478975
hCSF1,22.22,0,Mouse,T661M,1729.799971
hCSF1,7.41,0,Mouse,T661M,1499.770864
hCSF1,2.47,0,Mouse,T661M,1896.688391
hCSF1,0.82,0,Mouse,T661M,2034.762938
hCSF1,0.27,0,Mouse,T661M,1868.577525
hCSF1,0.09,0,Mouse,T661M,2154.142127
hCSF1,0.03,0,Mouse,T661M,2299.05219
hCSF1,0.01,0,Mouse,T661M,1959.187816
mCSF1,200.00,0,Mouse,T661M,1457.24019
mCSF1,66.67,0,Mouse,T661M,1665.648278
mCSF1,22.22,0,Mouse,T661M,1739.862413
mCSF1,7.41,0,Mouse,T661M,1877.544463
mCSF1,2.47,0,Mouse,T661M,2081.067502
mCSF1,0.82,0,Mouse,T661M,2111.560655
mCSF1,0.27,0,Mouse,T661M,2166.789974
mCSF1,0.09,0,Mouse,T661M,2204.046248
mCSF1,0.03,0,Mouse,T661M,2234.614888
mCSF1,0.01,0,Mouse,T661M,2038.449937
mCSF1,200.00,0,Mouse,T661M,1564.290767
mCSF1,66.67,0,Mouse,T661M,1696.292769
mCSF1,22.22,0,Mouse,T661M,1834.146199
mCSF1,7.41,0,Mouse,T661M,1795.006515
mCSF1,2.47,0,Mouse,T661M,1955.604788
mCSF1,0.82,0,Mouse,T661M,2032.897827
mCSF1,0.27,0,Mouse,T661M,2203.966796
mCSF1,0.09,0,Mouse,T661M,2172.045457
mCSF1,0.03,0,Mouse,T661M,2184.411996
mCSF1,0.01,0,Mouse,T661M,2141.486845
PLX3397,20000.00,0,Mouse,T661M,1198.066093
PLX3397,6666.67,0,Mouse,T661M,1769.920378
PLX3397,2222.22,0,Mouse,T661M,1730.164295
PLX3397,740.74,0,Mouse,T661M,1428.536938
PLX3397,246.91,0,Mouse,T661M,1861.539489
PLX3397,82.30,0,Mouse,T661M,1995.004462
PLX3397,27.43,0,Mouse,T661M,1615.812052
PLX3397,9.14,0,Mouse,T661M,2028.99572
PLX3397,3.05,0,Mouse,T661M,2040.452607
PLX3397,1.02,0,Mouse,T661M,1908.750637
PLX3397,20000.00,0,Mouse,T661M,1687.298632
PLX3397,6666.67,0,Mouse,T661M,1715.382653
PLX3397,2222.22,0,Mouse,T661M,1698.284047
PLX3397,740.74,0,Mouse,T661M,1846.580313
PLX3397,246.91,0,Mouse,T661M,1827.66007
PLX3397,82.30,0,Mouse,T661M,1892.624029
PLX3397,27.43,0,Mouse,T661M,1977.994181
PLX3397,9.14,0,Mouse,T661M,2081.169451
PLX3397,3.05,0,Mouse,T661M,2205.009774
PLX3397,1.02,0,Mouse,T661M,2129.194767