Compound,Concentration,Hour,Species,Variant,Value
hCSF1,200.00,24,Mouse,T661M,1777.663779
hCSF1,66.67,24,Mouse,T661M,1989.968792
hCSF1,22.22,24,Mouse,T661M,2056.519784
hCSF1,7.41,24,Mouse,T661M,1915.20269
hCSF1,2.47,24,Mouse,T661M,1823.058258
hCSF1,0.82,24,Mouse,T661M,1829.694286
hCSF1,0.27,24,Mouse,T661M,1745.638472
hCSF1,0.09,24,Mouse,T661M,1744.770226
hCSF1,0.03,24,Mouse,T661M,1793.766799
hCSF1,0.01,24,Mouse,T661M,1776.838474
hCSF1,200.00,24,Mouse,T661M,1385.896597
hCSF1,66.67,24,Mouse,T661M,1838.825607
hCSF1,22.22,24,Mouse,T661M,1900.268493
hCSF1,7.41,24,Mouse,T661M,1590.223312
hCSF1,2.47,24,Mouse,T661M,1832.890169
hCSF1,0.82,24,Mouse,T661M,1765.146969
hCSF1,0.27,24,Mouse,T661M,1633.12865
hCSF1,0.09,24,Mouse,T661M,1685.70912
hCSF1,0.03,24,Mouse,T661M,1802.668093
hCSF1,0.01,24,Mouse,T661M,794.181271
mCSF1,200.00,24,Mouse,T661M,1719.956326
mCSF1,66.67,24,Mouse,T661M,1913.08125
mCSF1,22.22,24,Mouse,T661M,1958.411426
mCSF1,7.41,24,Mouse,T661M,2127.217078
mCSF1,2.47,24,Mouse,T661M,2023.229873
mCSF1,0.82,24,Mouse,T661M,1853.105941
mCSF1,0.27,24,Mouse,T661M,1750.967883
mCSF1,0.09,24,Mouse,T661M,1731.756416
mCSF1,0.03,24,Mouse,T661M,1738.423352
mCSF1,0.01,24,Mouse,T661M,1574.191352
mCSF1,200.00,24,Mouse,T661M,1833.402596
mCSF1,66.67,24,Mouse,T661M,1935.622138
mCSF1,22.22,24,Mouse,T661M,2019.693556
mCSF1,7.41,24,Mouse,T661M,2020.088499
mCSF1,2.47,24,Mouse,T661M,1936.919221
mCSF1,0.82,24,Mouse,T661M,1760.354479
mCSF1,0.27,24,Mouse,T661M,1797.700261
mCSF1,0.09,24,Mouse,T661M,1748.012482
mCSF1,0.03,24,Mouse,T661M,1691.257914
mCSF1,0.01,24,Mouse,T661M,1627.34455
PLX3397,20000.00,24,Mouse,T661M,1366.694381
PLX3397,6666.67,24,Mouse,T661M,1872.484136
PLX3397,2222.22,24,Mouse,T661M,1598.196414
PLX3397,740.74,24,Mouse,T661M,1265.305385
PLX3397,246.91,24,Mouse,T661M,1528.933511
PLX3397,82.30,24,Mouse,T661M,1685.900851
PLX3397,27.43,24,Mouse,T661M,1535.79897
PLX3397,9.14,24,Mouse,T661M,1961.496667
PLX3397,3.05,24,Mouse,T661M,1998.510281
PLX3397,1.02,24,Mouse,T661M,1863.554722
PLX3397,20000.00,24,Mouse,T661M,1697.869394
PLX3397,6666.67,24,Mouse,T661M,1813.465038
PLX3397,2222.22,24,Mouse,T661M,1531.683699
PLX3397,740.74,24,Mouse,T661M,1494.40861
PLX3397,246.91,24,Mouse,T661M,1478.251914
PLX3397,82.30,24,Mouse,T661M,1630.592796
PLX3397,27.43,24,Mouse,T661M,1822.526823
PLX3397,9.14,24,Mouse,T661M,2047.10164
PLX3397,3.05,24,Mouse,T661M,2200.518514
PLX3397,1.02,24,Mouse,T661M,2081.037125